,content,id,lat,location,lon,time,user,user_id
0,RT @BethFratesMD: @PrachiMalik @KariJoys @mindfulheal @gary_hensel @arunbhar @AuthorStClair @eldiablo0786 @DianneD03113533 @AngelHealingArtâ€¦,969965136403423232,,Canada JAMAIC born February 22,,2018-03-03 15:58:04,Jamaicafool,1015815726
1,RT @BienickWCVB: Looks like part of the dune has been breached at Town Neck Beach in Sandwich. #WCVB #CapeCod https://t.co/pAY1yasG86,969965135870689283,,"Boston, MA",,2018-03-03 15:58:04,WCVB,21419504
2,"@shugacanecommie @SankofaBrown @KatHeartwell Wanting better for myself, to wanting to be finicially stable, is notâ€¦ https://t.co/D0SXos5CEG",969965134935478272,,"Boston, MA",,2018-03-03 15:58:03,Lemonade1218,863088820731998208
3,@Jennnaaaaayyyy box outs https://t.co/0tdZRtdnDw,969965134725689344,,"Boston, MA",,2018-03-03 15:58:03,shmandz,213454093
4,HaaaaaaağŸ˜­ https://t.co/XCUlJwABu4,969965133308014593,,"Boston, MA",,2018-03-03 15:58:03,Ayaba__,2480890398
5,RT @KLobstar: no it sure as hell doesnâ€™t https://t.co/M1ND8tfRhA,969965132808830976,,"Los Angeles, CA",,2018-03-03 15:58:03,internetjim,56509051
6,"RT @DInvesting: Company called UNA, using UNAGPO .com, acquires https://t.co/88MCQpXVG7 domain name from Future Media Architects. I presumeâ€¦",969965130715926529,,United Kingdom,,2018-03-03 15:58:02,60OSE,23132353
7,RT @GraceZakim: Great to be at home this morning with @bostonward5dems and @joshzakim #teamzakim #mapoli https://t.co/hDFhAr6qR4,969965128677494785,,"Lawrence, MA",,2018-03-03 15:58:02,danrivera01843,35919814
8,@MassachusettsWx Good play by play,969965127352176640,,"Somerville, MA",,2018-03-03 15:58:02,HenryAyannaWx,734384081211920384
9,"RT @marcformarc: Exciting perks of adulthood: 

1. Busy! Busy all the time! What are you even doing? You don't know! 
2. Very tired. 
3. Soâ€¦",969965126810873856,,"Bay Area, CA",,2018-03-03 15:58:01,tizoc70,1579679179
10,RT @coherentstates: choose your fighter https://t.co/tQZ9NUfvzA,969965124974006272,,,,2018-03-03 15:58:01,Baneforyu,2747504632
11,RT @missunitedface: xtina walking past the recording studio to be a judge on drag race https://t.co/ORSq5wvizy,969965124550316032,,BOG//FL,,2018-03-03 15:58:01,ChristianEsp123,3745100056
12,RT @Mayberrykush: This KFC must be out in China https://t.co/0J4swCUGYS,969965124256718853,,Clouds,,2018-03-03 15:58:01,DoloWolf,137963925
13,"Addiction Treatment Center | Drug Rehab | Wickenburg, Arizona https://t.co/t9C2OkcRhe",969965123367399424,,"Boston, MA",,2018-03-03 15:58:01,StoppingOpioids,915308704865701890
14,"RT @DothTheDoth: Morning routing: wake up, make coffee, let another day of time and gravity slowly ruin your body.",969965121178136578,,limbo,,2018-03-03 15:58:00,la_disc0rdia,947500630297448448
15,"Such a profound, and sad, story. https://t.co/PVJkV53TIv",969965120658051072,,"Roslindale, MA",,2018-03-03 15:58:00,mathteacherjedi,2873266341
16,#freehype law and order type shit,969965119072620545,,"Boston, MA",,2018-03-03 15:58:00,brahmsjulia,939529739391438848
17,RT @jeskamedeiros: Fuck the evil eye,969965118594408449,,"Kings Landing, Westeros",,2018-03-03 15:58:00,pinaacoladass,3134864717
18,"RT @Mean_Adam: Without unions, we'd be without:

1. Weekends without work
2. All breaks at work, including your lunch breaks
3. Paid vacatiâ€¦",969965118577627136,,Pennsylvania ,,2018-03-03 15:58:00,meknowhu,2363592546
19,"RT @PeteBlackburn: Asked Roenick about his favorite movie this year, and was definitely not prepared for this https://t.co/sxN9X8CGQv",969965117545893891,,Coral Gables,,2018-03-03 15:57:59,Pwaglol,117949992
20,"RT @HarvardBiz: Think about the message you want your audience to walk away with
https://t.co/y3yTdZNziU",969965115817824256,,,,2018-03-03 15:57:59,EvgeniosEvgenio,414076299
21,So much to wear that I have nothing to wear,969965113385078785,,"Boston, MA",,2018-03-03 15:57:58,xxbrittanyyxxx,1471019852
22,RT @StrangePintura: Hold upâ€¦ RT @248BandBoy: My mama came to visit me at college &amp; my roommate fucked her http://t.co/5HtKgpPdId,969965112558841856,,,,2018-03-03 15:57:58,OnkuDre,2214252662
23,RT @BTS_ArmyUS: TAEEEEEEEE OMG MODELS ARE SHAKING RIGHT NOW #BTSARMY #BestFanARMY #iHeartAwards  @BTS_twt   https://t.co/ceVrC2hKid,969965111682138112,,,,2018-03-03 15:57:58,myLoveToBts,897115804692602884
24,"Motivated in part by Amazon thinking they are immune to critique.

https://t.co/VldeflImOq",969965111417982983,,"Cambridge, MA",,2018-03-03 15:57:58,DrAnneCarpenter,1431348835
25,RT @ValaAfshar: Steve Jobs talking about what happens when marketing/sales takes over from 'product' founders â€” via @ow https://t.co/7A4IuZâ€¦,969965110654636032,,,,2018-03-03 15:57:58,Vikalinauz,304247380
26,I'm on now. Come see me little puppets and spend some tokens on me @chaturbate @LiveCamBabes @CamGirlWars https://t.co/gwRns0hMhT,969965108754558977,,"Boston, MA",,2018-03-03 15:57:57,P_Peach121k,848970072781721600
27,"RT @ValaAfshar: Why we read:

1 learn
2 escape
3 validate beliefs
4 know we are not alone
5 find new ideas
6 be inspired
7 learn to think
8â€¦",969965107936710661,,#INTERVENCAO MILITAR,,2018-03-03 15:57:57,LimaDoc,616644046
28,"RT @marcformarc: Exciting perks of adulthood: 

1. Busy! Busy all the time! What are you even doing? You don't know! 
2. Very tired. 
3. Soâ€¦",969965106133057536,,,,2018-03-03 15:57:57,chonchannnnnn,2224225188
29,"RT @kuriko_c: ""When I talk about technology &amp; the internet, ppl normally pine for them and look fwd to a future that will promote liberalizâ€¦",969965104585478152,,,,2018-03-03 15:57:56,field_harper,4567838112
30,RT @BTS_ArmyUS: TAEEEEEEEE OMG MODELS ARE SHAKING RIGHT NOW #BTSARMY #BestFanARMY #iHeartAwards  @BTS_twt   https://t.co/ceVrC2hKid,969965104577105920,,,,2018-03-03 15:57:56,Honey_Faithful2,915943654526738437
31,"RT @BTS_ArmyUS: Yoongi : I'm J-Hope biggest Fan
Jimin : No I am J-Hope biggest Fan
John Cena : Are You sure about that 
#BTSARMY #BestFanARâ€¦",969965103201140736,,hope world ,,2018-03-03 15:57:56,taekoyakey,718812396643418113
32,RT @MikeGrinnell_: Happy Saturday. Here's Eddie Vedder's isolated vocals to help your hangover. Incredible. https://t.co/CLtxef2ADd,969965102383489025,,,,2018-03-03 15:57:56,J_vinny24,788952087749095425
33,@torylanez really did his thing and delivered. He never ceases to amaze me even though he already exceeds my expectâ€¦ https://t.co/pANugZu60x,969965100366024704,,"Boston, MA",,2018-03-03 15:57:55,Lovebiancaxo,379894147
34,RT @coherentstates: Jordan Peterson could post a photo of himself clenching his asshole and his fans in the replies will still be trying toâ€¦,969965099871080450,,Outer Space,,2018-03-03 15:57:55,nomad_thought,7278462
35,RT @pronounced_ing: I am SO EXCITED to work with @RWitherspoon @kerrywashingtonâ€”I literally canâ€™t think of a better pair to bring Little Fiâ€¦,969965099677921280,,Toronto,,2018-03-03 15:57:55,idkdanicus,169333889
36,RT @cmirabile: Boston beats Valley as #1 city for â€œfostering entrepreneurial growth.â€ Go Boston! #BostonStrong https://t.co/W0TVgU3tBL,969965099132903424,,"Boston, MA",,2018-03-03 15:57:55,fivepond,75885119
37,"RT @marcformarc: Exciting perks of adulthood: 

1. Busy! Busy all the time! What are you even doing? You don't know! 
2. Very tired. 
3. Soâ€¦",969965098398822400,,,,2018-03-03 15:57:55,UhmCharlotte,858622926
38,RT @celtics: Happy 20th Birthday @jaytatum0 ğŸ‚ğŸ‰â˜˜ https://t.co/blTMKiDtEQ,969965097924820993,,,,2018-03-03 15:57:55,Dr_CARTER25,625910040
39,"You are pulled in two directions today. On one hand, you dream... More for Sagittarius https://t.co/45nyOvCMfn",969965096951734273,,"Boston, MA",,2018-03-03 15:57:54,_mrodriguezzz,1090483610
40,RT @RyanBernat: Rescues still underway in Quincy @wbz https://t.co/pwp8UbEVfR,969965096653946880,,"Your Heart, MA",,2018-03-03 15:57:54,savagelover617,50099175
41,RT @BobRyansPodcast: .@GoodmanESPN seems to have landed right in the middle of two huge basketball stories at the same time - The Ball Famiâ€¦,969965096490487808,,,,2018-03-03 15:57:54,bmack2233,305564520
42,Anyways fuck this 5 hour shift Iâ€™m gonna work @ 1,969965096465248257,,"Jamaica Plain, Boston",,2018-03-03 15:57:54,lunamarip0sa,712277616053456898
43,@_janesa_ @gikueno She got caught up in the good lighting and forgot that sheâ€™s a smooth shade medium/dark by white makeup standards.,969965095626379267,,"Boston, MA",,2018-03-03 15:57:54,UncleRusher,365558731
44,"I'm in such a bad slump. I can't read, I can't blog. I can't do anything but sleep. ğŸ˜”",969965095240585217,,"Boston, MA",,2018-03-03 15:57:54,samesfoley,855430159784189952
45,RT @OnlyInBOS: How Massachusetts deals with high tide: https://t.co/qIZ3yPgTTI https://t.co/iXk0cj9fEg,969965094552694784,,United States,,2018-03-03 15:57:54,asssLIKEthat,94931745
46,RT @BTS_ArmyUS: TAEEEEEEEE OMG MODELS ARE SHAKING RIGHT NOW #BTSARMY #BestFanARMY #iHeartAwards  @BTS_twt   https://t.co/ceVrC2hKid,969965094288404480,,,,2018-03-03 15:57:54,army76848526,965231399103025152
47,istilaya yarim saat kaldi daragaci icin bekliyor gibi hissediyorum,969965094242316288,,"Boston, MA",,2018-03-03 15:57:54,synysterro,2285441427
48,RT @celtics: Happy 20th Birthday @jaytatum0 ğŸ‚ğŸ‰â˜˜ https://t.co/blTMKiDtEQ,969965094099701761,,,,2018-03-03 15:57:54,hzaizaa08,954723107683688449
49,"Obligao Ric Flair tiene que estar tan arrebatao en estos vÃ­deos, boi doesn't even know half the words in any of theâ€¦ https://t.co/l7VMhznUBk",969965093176954882,,"Boston, MA",,2018-03-03 15:57:53,alosoyeloso,836626496827572224
50,RT @udaqueness: @udaqueness ì—¬ì„±ì˜ ê²½ìš°ëŠ” ë”ë”ìš± ëª¨ë¥´ëŠ” ë‚¨ì„±ì´ ì¹¨ëŒ€ì— ìˆì„ ë•Œì˜ ê³µí¬ê°€ í˜„ì‹¤ì˜ ë²”ì£„ì™€ ë” ê°€ê¹ê²Œ ë§ë‹¿ì•„ìˆì–´ ì›ƒê³  ë„˜ì–´ê°ˆ ìˆ˜ ì—†ëŠ”ê²Œ ë‹¹ì—°í•œ ê²ƒ ì•„ë‹Œê°€.... ê·¸ëŸ¼ì—ë„ ëê¹Œì§€ ê·¸ ê³µí¬ë¥¼ ì¦ê¸°ê³  í¬í™”í™”í•¨ https:â€¦,969965092056870924,,ëŒ€í•œë¯¼êµ­ ì„œìš¸,,2018-03-03 15:57:53,simple_lily,388144303
51,RT @MassSWAN: PLS RT: Happy International Sex Workers' Rights Day! Check out https://t.co/St4Oj19mEU for a history. Pushing ahead in honorâ€¦,969965091885060097,,"Providence, Boston, & beyondâœˆï¸",,2018-03-03 15:57:53,MissAlexaEason,778736913322680320
52,"You see yourself as the consummate host or hostess today, even... More for Libra https://t.co/pRqleLredG",969965091650134017,,Boston ,,2018-03-03 15:57:53,Hazel_Divine,289566257
53,no it sure as hell doesnâ€™t https://t.co/M1ND8tfRhA,969965091641847810,,"Boston, MA",,2018-03-03 15:57:53,KLobstar,2757727221
54,RT @BiologistDan: There are armies of people who risk their lives everyday to save the worlds wildlife from poachers. I salute all their efâ€¦,969965088240275456,,,,2018-03-03 15:57:52,kismet887,187046028
55,"@94O6O9 true that!! my kind of me time umm i'm so into food and music, so producing music and eating!! How about yours?",969965087803899904,,"Boston, MA",,2018-03-03 15:57:52,cclairo,3811933034
56,"RT @marcformarc: Exciting perks of adulthood: 

1. Busy! Busy all the time! What are you even doing? You don't know! 
2. Very tired. 
3. Soâ€¦",969965087778885634,,CT â€¢ RI,,2018-03-03 15:57:52,catherineward8,379434553
57,RT @udaqueness: @udaqueness ì˜¤ì¡°ì˜¤ì–µë³´ ì–‘ë³´í•´ì„œ ì´ ëª¨ë“  ìƒí™©ì´ ì¶œì—°ìì™€ ì§œê³ ì¹˜ëŠ” ìƒí™©ì¼ ìˆ˜ë„ ìˆëŠ”ë° ê·¸ê±´ ì „í˜€ ì´ ë¬¸ì œë¥¼ ì •ë‹¹í™”í•  ìˆ˜ ì—†ë‹¤.....,969965086872776706,,KOREA,,2018-03-03 15:57:52,kongmi,87455583
58,"RT @pronounced_ing: FYI, I texted my mom yesterday to tell her the news was finally public and she responded: â€œGreat news. I can brag now?â€¦",969965085740425216,,,,2018-03-03 15:57:52,mudhensrfav,16880560
59,@haydenac20 Hahahahhaa,969965085304217600,,"Boston, MA",,2018-03-03 15:57:52,erinn_mm,969684962109739008
60,@mschlapp is in the running for Trumpys newest pant steamer. https://t.co/Yoj8ldfFwh,969965084469596161,,"Boston, MA",,2018-03-03 15:57:51,EileenCushman,3300623701
61,RT @theavnerd: This house in Salem NH blew right off its foundation. @universalhub https://t.co/2z6Z6w5dWa,969965080610787328,,Boston,,2018-03-03 15:57:50,Kawanita11,159999259
62,RT @udaqueness: @udaqueness ì—¬ì„±ì˜ ê²½ìš°ëŠ” ë”ë”ìš± ëª¨ë¥´ëŠ” ë‚¨ì„±ì´ ì¹¨ëŒ€ì— ìˆì„ ë•Œì˜ ê³µí¬ê°€ í˜„ì‹¤ì˜ ë²”ì£„ì™€ ë” ê°€ê¹ê²Œ ë§ë‹¿ì•„ìˆì–´ ì›ƒê³  ë„˜ì–´ê°ˆ ìˆ˜ ì—†ëŠ”ê²Œ ë‹¹ì—°í•œ ê²ƒ ì•„ë‹Œê°€.... ê·¸ëŸ¼ì—ë„ ëê¹Œì§€ ê·¸ ê³µí¬ë¥¼ ì¦ê¸°ê³  í¬í™”í™”í•¨ https:â€¦,969965080027676672,,KOREA,,2018-03-03 15:57:50,kongmi,87455583
63,"RT @MIT_CSAIL: Every online course in machine learning, ranked: https://t.co/4JNN9XBu0b credit @venturidb @freeCodeCamp #ml #MachineLearninâ€¦",969965079503560704,,Nowhere,,2018-03-03 15:57:50,ErmiaBivatan,1432123832
64,"RT @catgraffam: âœ¨All trans people are beautiful and valid âœ¨
except you Emily, give me my fuckin 3DS game back",969965079281258497,,"Mankato, MN",,2018-03-03 15:57:50,PalmerComplains,52783080
65,"""i had been looking for so long for a role model, and in that moment, i realized 'Holy shit, it has to be me.'' -â€¦ https://t.co/3KYnIFIcBH",969965077167267841,,BOS,,2018-03-03 15:57:50,MelissaObleada,194127451
66,"RT @ValaAfshar: Be kind. You may be remembered. 
Be humble. You may be wrong.
Be hard working. You may be luckier.
Be generous. Others mayâ€¦",969965077133778949,,coahuila,,2018-03-03 15:57:50,arturogaram,228438407
67,@SamsungMobileUS Ok improvements but don't follow the emoji thing. Nobody wants that shit,969965077016272897,,"Boston, MA",,2018-03-03 15:57:50,Rawnchie14,95951181
68,RT @bradfo: Cora on Red Sox compared to Yankees even before J.D. Martinez acquisition: 'I never thought there was a gap',969965073383985154,,"New York, USA",,2018-03-03 15:57:49,jacilo14,461706881
69,@ashleymloftin Enid you are cool,969965072171831296,,"Allston, MA",,2018-03-03 15:57:48,jamesadonner,16158953
70,@Rowley_PD do you have any update on the power outage in Rowley? I canâ€™t seem to find any info online about the lenâ€¦ https://t.co/J3hZjTjjFM,969965071408517121,,Boston,,2018-03-03 15:57:48,GeekySoxGirl,17896971
71,RT @celtics: Happy 20th Birthday @jaytatum0 ğŸ‚ğŸ‰â˜˜ https://t.co/blTMKiDtEQ,969965069378445314,,Antalya,,2018-03-03 15:57:48,Attelia07,346541786
72,Niggas is gunna stop disrespecting Xenoverse,969965069206474752,,"Boston, MA",,2018-03-03 15:57:48,Von6AM,369612035
73,RT @iRelateWords: I cut you off cause I had to,969965068833120256,,Seoul Korea ,,2018-03-03 15:57:48,SyafinaSyereena,1461374785
74,"@Alex_Panetta Here's another fun fact:  the statute is called the ""Trade Expansion Act.""",969965066534649856,,"Medford, Massachusetts",,2018-03-03 15:57:47,JPTrachtman,139208717
75,RT @udaqueness: @udaqueness ì—¬ì„± ê²Œë‹Œ ì„¸ì´ì½”ì˜ ê²½ìš° ë¹„ëª…ì„ ì§€ë¥´ê³  í—ˆë¦¬ì— í˜ì´ ë¹ ì ¸ ì“°ëŸ¬ì ¸ì„œ ê¸°ì–´ë‚˜ì˜¤ëŠ”ë° ê·¸ê±¸ ë³´ê³  í•˜ë§ˆë‹¤ëŠ” í—ˆë¦¬ í˜ ë¹ ì¡Œë‹¤ë©° ì›ƒìœ¼ë©° ì¢‹ì•„í•˜ê³  ë§ˆì¸ ëª¨í† ëŠ” ë„ˆë¬´ ì›ƒì–´ì„œ ë¨¸ë¦¬ ì•„í”„ë‹¤ê³  í•¨ https://t.co/8â€¦,969965064928182272,,KOREA,,2018-03-03 15:57:47,kongmi,87455583
76,"RT @pronounced_ing: Hey, so, um, I have some news! https://t.co/AMF3riP5OV",969965063615406081,,"Ontario, Canada",,2018-03-03 15:57:46,ErynnBrook,72290565
77,"Bitches be like ""I miss my short hair"". Take that weave off, it's still there",969965062076157953,,"Boston, MA",,2018-03-03 15:57:46,inarliswetrust,740514038778597376
78,RT @celtics: Happy 20th Birthday @jaytatum0 ğŸ‚ğŸ‰â˜˜ https://t.co/blTMKiDtEQ,969965061073702912,,,,2018-03-03 15:57:46,liljjayyy,729831960802172932
79,@Teen_Titans23 Pomeranz could be gone after his next outing. His problem was never diagnosed or fixed. Price couldâ€¦ https://t.co/tZugahGx3p,969965060981477376,,boston,,2018-03-03 15:57:46,chestnuthell,47534846
80,@zaknd_ Yikhhh,969965057542184960,,BOS,,2018-03-03 15:57:45,slaybrina,419794698
81,RT @_KevinSosa_: Whoever hurt Bad Bunny....keep hurting him lmao fr Amorfoda sum else,969965056350916609,,,,2018-03-03 15:57:45,kariclaure,4215010335
82,@saifalainad Ø¹Ø·Ù†Ø§ Ù„Ù‚Ø·Ø© Ø§Ø³Ù…Ø§Ø¹ÙŠÙ„ Ø§Ø­Ù…Ø¯,969965055835082752,,,,2018-03-03 15:57:45,Methany90_,347598873
83,"@cambrian_era Vine was the one aspect of Twitter that provided people with pure, unadulterated joy.",969965053209432064,,"Boston, MA",,2018-03-03 15:57:44,caulkthewagon,14404725
84,"RT @dcancel: Remember that a wise woman/man walks with her/his head bowed. 

Stay humble.",969965052949221378,,Middle Of Nowhere,,2018-03-03 15:57:44,TrashPa53563456,964659234175565824
85,"RT @DothTheDoth: Morning routing: wake up, make coffee, let another day of time and gravity slowly ruin your body.",969965052483817473,,,,2018-03-03 15:57:44,WubbaWubbaJaJa,516603335
86,"RT @udaqueness: @udaqueness ì• ì´ˆì— ë¶ˆë²• ì¹¨ì… ìŠ¤í† í‚¹ê³¼ ê·¸ë¡œ ì¸í•œ ë” í° ì‹¤ì œ ë²”ì£„ ì‚¬ë¡€ë“¤ì´ ìˆìŒì—ë„ ì´ëŸ° ì†Œì¬ë¥¼ ê³„ì†í•´ì„œ íƒí•˜ëŠ” ê²ƒë„, ê·¸ë¦¬ê³  ê·¸ì— ëŒ€í•œ ê³µí¬ë¥¼ ì— ì”¨ë“¤ì´ ì¬ë°Œë‹¤ê³  ì½”ë©˜íŠ¸í•˜ë©´ì„œ ì›ƒê³  ë– ë“¤ë©° ê´€ì°°í•˜ëŠ” ê²ƒì´ ë„ˆë¬´ ì•…â€¦",969965051699331072,,KOREA,,2018-03-03 15:57:44,kongmi,87455583
87,RT @jcweb11: è¿™æ¡å·æ™®æ€»ç»Ÿçš„æ¨ç‰¹æƒŠäººï¼æ˜ç¡®æš—ç¤ºä¸­å›½ğŸ‡¨ğŸ‡³å‘è’™ç¾å›½ğŸ‡ºğŸ‡¸çš„äº¤æ˜“æ¸¸æˆå³å°†ç»“æŸã€‚ä¸­å›½é€šå¸¸å¯¹ç¾å›½è¿›å£è´§ç‰©è¿½åŠ 50%çš„é™„åŠ ç¨ï¼Œä»è€Œå‰Šå¼±è¿›å£è´§åœ¨ä¸­å›½çš„ç«äº‰åŠ›ã€‚å·æ™®è¦æ–½è¡Œç­‰ç¨åˆ¶åº¦ï¼Œå³ç¾å›½å¯¹ä¸­å›½è¿›å£å•†å“ä¹ŸåŠ 50%çš„é™„åŠ ç¨ï¼ä»æ­¤æ‹–å®ä¸­å›½çš„ç»æµâš ï¸âš ï¸âš ï¸ğŸ™„å¥¥8çš„å·¦å€¾å¤±è´¥æ”¿â€¦,969965051296727042,,United States of American,,2018-03-03 15:57:43,marcofangyong,485229917
88,I see you 45...in 2 days ğŸ‚ğŸ’•ğŸğŸ‰ https://t.co/hULVt0Y0tG,969965047303766017,,"Boston, MA",,2018-03-03 15:57:43,Kimberly3573,57321878
89,"RT @marcformarc: Exciting perks of adulthood: 

1. Busy! Busy all the time! What are you even doing? You don't know! 
2. Very tired. 
3. Soâ€¦",969965045873594369,,New York,,2018-03-03 15:57:42,RealistSpeaking,29324689
90,Womenâ€™s History Month! March 3rd       Nevertheless She Persisted:â€¦ https://t.co/0dcBum8N5z,969965045399654400,,"Boston, MA",,2018-03-03 15:57:42,trupeaceyoga,1905453451
91,"RT @techreview: A short, typed description of a scene is enough to get this AI software making original video footage. https://t.co/G7PHYI4â€¦",969965043898093569,,West Midlands,,2018-03-03 15:57:42,SoullaStylianou,9087582
92,RT @BethFratesMD: Success seems to be connected with action... #DontQuit #Success https://t.co/OGrof8shIA RT @HealingMB  #Health #Happinessâ€¦,969965040282603522,,"New Delhi, India",,2018-03-03 15:57:41,aapsur,2360372840
93,Come like Alexander,969965039468859393,,"Cambridge, MA",,2018-03-03 15:57:41,udaqueness,325863257
94,RT @celtics: Happy 20th Birthday @jaytatum0 ğŸ‚ğŸ‰â˜˜ https://t.co/blTMKiDtEQ,969965039334625280,,"Long Island City, Queens",,2018-03-03 15:57:41,FloWillWin,161401530
95,Drake and French Montana Pray for Rick Ross https://t.co/DRPx0GcPrE https://t.co/od1VWZpyBz,969965038831218688,,Boston,,2018-03-03 15:57:40,I_AM_Finance,187241511
96,"RT @udaqueness: í‰ì†Œì—ë„ ëˆˆìŒ€ ì°Œí‘¸ë ¤ì§€ëŠ” ê¸°íšì´ ë§ì•˜ë˜ ""ìˆ˜ìš”ì¼ì˜ ë‹¤ìš´íƒ€ìš´""ì´ì§€ë§Œ ì´ë²ˆ ë°©ì˜ë¶„ì€ ì •ë§ ìµœì•…ì´ì—ˆìŒ. ì´ì „ ê¸°íšë“¤ì˜ ì—°ì¥ì„ ì¸ ""ì¹¨ëŒ€ì— ì‚¬ëŒì´ ìˆëŠ”ê²Œ ì œì¼ ë¬´ì„­ë‹¤""ë¡œ, ì—°ì˜ˆì¸ì˜ ìíƒ ì¹¨ëŒ€ì— ì‹¤ì œ ì‚¬ëŒì´ ìˆìœ¼ë©´ ì–´ë–¤ ë°˜ì‘ì„ ë³´ì´â€¦",969965038495608832,,KOREA,,2018-03-03 15:57:40,kongmi,87455583
97,RT @Michael7News: Getting ready to head out with @NationalGuard @7News #7News https://t.co/FtgUdRlKsl,969965036927102977,,"Boston, MA",,2018-03-03 15:57:40,Brian_Mic,47788196
98,@ShabanHani very funny!!!,969965035945713665,,"Boston, MA",,2018-03-03 15:57:40,georgiabena,431230781
99,RT @pepsi_xxx: ğŸ“½ï¸@DimondLadies @BabesPromo2 @talktomeanytm @Drjohnson100 @Erotic_Doll @S_Lcorey1 @Boogie_1969 @kokoroco25 @1688AW @CamGirlzâ€¦,969965035165503488,,any place where there is sex,,2018-03-03 15:57:40,deliciousandwet,843642364132556801
100,"Girl, are we having drinks or are we having draaaannnnkkkzzz? Book your next #bday celebration in theâ€¦ https://t.co/0ssvwxKOiY",969965034771288066,,"Boston, MA",,2018-03-03 15:57:40,citrussaltbos,906187942372237312
101,@danshineonline NO. Letâ€™s not do this.,969965032959299594,,"Boston, IG = ge_offrey",,2018-03-03 15:57:39,Ge_offrey,268984478
102,Florida #Gators WR Antonio Callaway has been impressive. Ran 4.41u and looks smooth/catching the ball effortlessly in the drills.,969965029155069952,,"Boston, MA",,2018-03-03 15:57:38,NFLDraftInsider,251241730
103,Partner of ZhenFung Wei Jiang at the #MITABC talking about his view on US and China VC and techâ€¦ https://t.co/2YS0usY4Rh,969965026047135746,-71.0875,"Cambridge, MA",42.36021,2018-03-03 15:57:37,Ying__Lin,170229496
104,"Woke up thinking about my pops... Thoughts everywhere, body numb",969965025652862976,,"Boston,MA",,2018-03-03 15:57:37,LOV_TRAP,1489212097
105,RT @jgault13: Colleen Quigley pulled no punches in explaining her frustration with the string of DQs and lack of warmup facility at World Iâ€¦,969965025250000898,,,,2018-03-03 15:57:37,whiteflash002,2894887849
106,@danozzi this is the hard hitting journalism the world needs.,969965024092590080,,"Boston, MA",,2018-03-03 15:57:37,jasoncoxphoto,377713320
107,RT @ImperatorTruth: Well there it is folks. The end. Appeal lost. My YouTube career is officially over. You can find my work from now on baâ€¦,969965023442423808,,,,2018-03-03 15:57:37,KathyMicale,88030347
108,RT @JeanInglis: @realDonaldTrump Please just stop with your fake patriotism.  Everyone knows you're a traitor who conspired with Russia. #Tâ€¦,969965020225323009,,,,2018-03-03 15:57:36,sadie35081381,966876978337886209
109,"We are not standing down, we are rising up. We are building something new, not accept the mess we were given. #WTM18",969965016299470848,,"Boston, MA",,2018-03-03 15:57:35,pixelsforhumans,731297113506762752
110,RT @celtics: Happy 20th Birthday @jaytatum0 ğŸ‚ğŸ‰â˜˜ https://t.co/blTMKiDtEQ,969965016190472192,,"Florida, USA",,2018-03-03 15:57:35,Kennetanthony,1915839750
111,"I blame myself...
After 2 season of joy and dreaming, and watching the YouTube highlights of the wonderful footballâ€¦ https://t.co/RC6MKehpPH",969965015553003521,,"Boston, MA",,2018-03-03 15:57:35,CoachSeve,2573567713
112,@momotatas @DonnieWahlberg @AriesErin @RememberBetty ğŸ˜ğŸ˜ğŸ˜ğŸ˜ love this! Now come visit us with those smiles. Miss you both. â¤ï¸,969965015334780930,,"Boston, MA",,2018-03-03 15:57:35,nkotb86,2427321092
113,"RT @BostonGlobe: We had photographers in Scituate, Quincy, Boston, Watertown, and more yesterday. This is what they saw in the storm: httpsâ€¦",969965013791395840,,"Cambridge, MA",,2018-03-03 15:57:35,mode_medianmean,898273544945238016
114,"RT @RedSoxBeisbol: Â¡Listos para tomar el terreno! â˜€
 
Desde Fort Myers, aquÃ­ la alineaciÃ³n de los #MediasRojas para enfrentarse a los Yankeâ€¦",969965013179002880,,Belo Horizonte MG - Brazil,,2018-03-03 15:57:34,EmilioLimaSCCP,268940592
115,"@GetemNel Fingerprints of The Gods by Graham Hancock ğŸ‘ŒğŸ¾, thank me later.",969965010993799174,,"Boston, MA",,2018-03-03 15:57:34,iR0M3R0,70810387
116,RT @stoolpresidente: Put up or shut up @MichaelRapaport https://t.co/oUQBGFSoH9,969965010192658432,,Arkansas,,2018-03-03 15:57:34,harrisonmc15,4776107114
117,@megsokay Seems like fake news.,969965010159046658,,"Cambridge, MA",,2018-03-03 15:57:34,fromthistles,484849569
118,RT @MRSAeradication: #MRSA is any strain of #StaphylococcusAureus that has developed resistance to beta-lactam antibiotics.,969965009135722496,,Europa,,2018-03-03 15:57:33,Toekomst4,2489664751
119,Happy four year anniversary @_willybumbum &amp; @petemccoub I now know everything about your relationship have fun at Vâ€¦ https://t.co/mPj2VKEsmY,969965007420166144,,"Boston, MA",,2018-03-03 15:57:33,crookah_,1010813623
120,"RT @marcformarc: Exciting perks of adulthood: 

1. Busy! Busy all the time! What are you even doing? You don't know! 
2. Very tired. 
3. Soâ€¦",969965007285956610,,TEXAS,,2018-03-03 15:57:33,margey1016,271182271
121,RT @sapinker: Very smart review by Sarah Bakewell in the NY Times Book Review. https://t.co/TDuZPe2LjX,969965006593896448,,ğŸŒ,,2018-03-03 15:57:33,KellieRoseWick,16267655
122,"RT @KimLucey: Here we go again! About an hour and a half from high tide #3, with the water come up over the end of long wharf. https://t.coâ€¦",969965006514253826,,"Boston, MA",,2018-03-03 15:57:33,Brian_Mic,47788196
123,"@stickyhandz_615 Hi Adam, thanks for reaching out! Please stay tuned to the lobby as an NBA Showdown slate will beâ€¦ https://t.co/U3dj1k1ghH",969965006182846465,,"Boston, MA",,2018-03-03 15:57:33,DK_Assist,862009443231428608
124,Love me like ari loves Herbo baby ğŸ™‚ğŸ’™,969965005281091584,,"Boston, MA",,2018-03-03 15:57:32,Djkingaaron,889983834548305921
125,"RT @marcformarc: Exciting perks of adulthood: 

1. Busy! Busy all the time! What are you even doing? You don't know! 
2. Very tired. 
3. Soâ€¦",969965001237610496,,Malaysia,,2018-03-03 15:57:32,AtifaMurad,620746165
126,Ahahaha estava Ã  procura de uma musica Ã  30 min e estava em 1Âº na playlist ğŸ˜‚,969965000369504257,,,,2018-03-03 15:57:31,vladez_,1383063174
127,"Good news: Just signed up to go to my graduation ceremony. 
Bad news: The only days to sign up for my cap and gownâ€¦ https://t.co/wz4tDwoFfQ",969964999367118850,,"Boston, MA",,2018-03-03 15:57:31,kmitchellauthor,503753833
128,Thatâ€™s me thou idk I think it means more if you do what I ask instead of taking it upon yourself https://t.co/TtFgsIgbQJ,969964997555220480,,"Boston, MA",,2018-03-03 15:57:31,Smokes_Khalifa,435289460
129,"RT @DothTheDoth: Remember, you can become possessed by a demon whenever you want. You're an adult.",969964996741550080,,,,2018-03-03 15:57:30,emaxsatan,1690093742
130,Jarett Flaker of Scarborough 6.61 qualifies for the 55m dash final,969964994782793729,,,,2018-03-03 15:57:30,MaineTrackXC,27675274
131,"RT @OnlyInBOS: If you need to call 9-1-1 &amp; you are unable to speak for any reason, communicate in the following ways... https://t.co/VmcdSDâ€¦",969964994455588865,,,,2018-03-03 15:57:30,tom_Machado34,2431879349
132,@darkvinyIs NO YOU DID NOT omg.....,969964993847484417,,boston,,2018-03-03 15:57:30,FLWRSONTHEFL00R,2753608696
133,@mrs__peel Chief Oâ€™Brien and Ensign Ro are overheard by Wesley Crusher exchanging Cardassian jokes. Wesley snitchesâ€¦ https://t.co/xV9FnPtPvK,969964993335775232,,"Jamaica Plain, Massachusetts",,2018-03-03 15:57:30,monocledrop,3020448264
134,@joseazar @dedubyadubya @mioana @Econ_Marshall @Bledi_Taska @MartinSGaynor @Alan_Krueger @JusticeATR There is a lotâ€¦ https://t.co/GyKYIe7ukZ,969964992559747076,,"Boston, MA",,2018-03-03 15:57:29,glenweyl,489375366
135,"RT @DothTheDoth: Morning routing: wake up, make coffee, let another day of time and gravity slowly ruin your body.",969964991951589376,,"Wichita, KS",,2018-03-03 15:57:29,BigThunderDave,768039062
136,... AC:  I KNOW well-known brethren that follow you as well yet they are not on your list of followers.  Uuummm ...â€¦ https://t.co/ZY7ZNC2eyL,969964990718504960,,"Boston, MA",,2018-03-03 15:57:29,AboveChurchLove,1636935698
137,@selegenhd If we're just talking Moroccans then yh,969964988394823685,,BOS,,2018-03-03 15:57:28,slaybrina,419794698
138,RT @NEJM: Clinical Practice: Initial Treatment of Hypertension https://t.co/GChurNp0VC https://t.co/GR9fVA1Yle,969964984850698241,,"Beaurevoir, Picardie",,2018-03-03 15:57:28,GWabont,3410226849
139,RT @sapinker: The Guardian asked me to recommend 5 books to make you an optimist. I came up with more than 5 here:  https://t.co/M6SFWNiZPs,969964984397717509,,ğŸŒ,,2018-03-03 15:57:28,KellieRoseWick,16267655
140,"RT @marcformarc: Exciting perks of adulthood: 

1. Busy! Busy all the time! What are you even doing? You don't know! 
2. Very tired. 
3. Soâ€¦",969964981444927489,,,,2018-03-03 15:57:27,mz_ak,829942651176747008
141,@The_UnSilent_ My dog loves carrots,969964980228579329,,"Roslindale, Boston",,2018-03-03 15:57:27,rozzie4me,819621743056867328
142,"I would like to file my ""I am not okay"" declaration with the anxiety authority so that I can get my box of cake, kiâ€¦ https://t.co/vEWhSvUwCL",969964978903093248,,"Cambridge, MA",,2018-03-03 15:57:26,metagnat,11161972
143,@belchb @zypldot @ticiaverveer No. The Glaciers have been frozen since the last ice age. The melting began only recently.,969964978794106880,,"Boston, MA",,2018-03-03 15:57:26,Shazam1001,281715176
144,RT @hatecitynights: And how did that make you feel? #MyPetIsMyTherapist https://t.co/HlqZVo4bks,969964974419398656,,Allan's Aquarium W. L.A. 90064,,2018-03-03 15:57:25,WhadupDogg,729477352263172096
145,"RT @MikeConnollyMA: When I see images like this in Boston, I wonder whatâ€™s it gonna take to get more of our leaders to support putting a prâ€¦",969964974054371328,,ğŸ…° ğŸ†‚ğŸ…¼ğŸ…°ğŸ…»ğŸ…»ğŸ…¿ğŸ…¾ğŸ†‡ ğŸ†…ğŸ…¸ğŸ†ğŸ†„ğŸ†‚ ğŸ…·ğŸ…°ğŸ†‚,,2018-03-03 15:57:25,Gremlinbroom,2471629956
146,"RT @BTS_ArmyUS: Friend: tbh suga is kinda ugly
Me: bitch he has thousands of girls screaming his name. How many screams yours?
Friend : ah-â€¦",969964973706248192,,,,2018-03-03 15:57:25,Hyo19M,942067397044793345
147,"RT @joelgonsalves: Thank you @RepMcGovern for taking the time, and talking to @immivoice volunteers about #HR392 
Your vocal support of thiâ€¦",969964973030916097,,"Vijayawada, India",,2018-03-03 15:57:25,MSD23016101,964725821146415104
148,RT @CoreyRachel: â€œIf we donâ€™t tell it like it is. Shame the devil.â€ @prisonculture #BeyondTheBars2018,969964972968173568,,"New York, NY",,2018-03-03 15:57:25,CamRasNYC,49740169
149,"RT @RedSoxBeisbol: Â¡Listos para tomar el terreno! â˜€
 
Desde Fort Myers, aquÃ­ la alineaciÃ³n de los #MediasRojas para enfrentarse a los Yankeâ€¦",969964972599054339,,"San Juan de la Maguana, Domini",,2018-03-03 15:57:25,yancarloRamire9,891688839193952256
150,RT @ValaAfshar: When a window turns into a balcony https://t.co/imX6diZo1C,969964970711683078,,Coast-Kenya,,2018-03-03 15:57:24,kerario,84816219
151,"They burn cash at $80 oil and they burn cash at $40 oil. Shale is not a beginning, it is the beginning of the end.â€¦ https://t.co/5FsTl2A9iE",969964969126187008,,Boston,,2018-03-03 15:57:24,RPKent,32589494
152,RT @irishrygirl: The #NRA is claiming they are under attack. Let me be the first to offer my thoughts and prayers.,969964967112953856,,"Toronto, ON",,2018-03-03 15:57:23,CoreyJRussell,336367003
153,ğŸ˜­ğŸ˜­ https://t.co/zzXkTrfvr6,969964965049327618,,"Boston, MA",,2018-03-03 15:57:23,Ayaba__,2480890398
154,RT @irishrygirl: I would greatly appreciate it if Wilbur Ross whose estimated worth is $2.5 billion dollars stop telling Americans that anâ€¦,969964965003190273,,,,2018-03-03 15:57:23,iKilledLPalmer,874011283997114369
155,Artificial Intelligence And Blockchain: 3 Major Benefits Of Combining These Two Mega-Trends via @forbes https://t.co/nxsPcixEBa,969964964436938753,,"Boston, MA",,2018-03-03 15:57:23,RobotsRPeople,1244983856
156,#NewProfilePic https://t.co/yi3Fi03dLe,969964964369879046,,"Boston, MA",,2018-03-03 15:57:23,vegasino,387760626
157,"RT @sapinker: I'm pleased to announce my next book, ENLIGHTENMENT NOW, coming 2/27/2018. Learn more &amp; pre-order here: https://t.co/UvyX3LoVâ€¦",969964960351707136,,ğŸŒ,,2018-03-03 15:57:22,KellieRoseWick,16267655
158,"RT @marcformarc: Exciting perks of adulthood: 

1. Busy! Busy all the time! What are you even doing? You don't know! 
2. Very tired. 
3. Soâ€¦",969964958405476352,,Oakland CA,,2018-03-03 15:57:21,flamingoJazz,327675412
159,i havent even left for spring break and im already tired of being home,969964957864464385,,"Boston, MA",,2018-03-03 15:57:21,jfcrobyn,830425927
160,@SynBioCanada @LauraProchazka Little known fact: in India they use carefully cored peanut shells instead of #Eppendorf tubes.,969964957470248960,,"Boston, MA",,2018-03-03 15:57:21,Pipette_Ninja,335651965
161,"@GulfstreamPark 
Gulfstream Park Sprint
Top Plays
#1ExtravagantKid
#4ClassicRock
#5RichardtheGreat

Under Laysâ€¦ https://t.co/u7HBtJCqRt",969964954861359105,,Boston,,2018-03-03 15:57:20,volponisingle,397445078
162,That Time Brandy Sampled an Iron Maiden Song https://t.co/ggyN0FHYJE,969964954148360192,,Boston,,2018-03-03 15:57:20,TinyLyrics_,796036387346771968
163,Ty @prisonculture for speaking at #BeyondTheBars2018,969964953808629760,,"Boston, MA",,2018-03-03 15:57:20,CoreyRachel,446336173
164,RT @StrangePintura: Hold upâ€¦ RT @248BandBoy: My mama came to visit me at college &amp; my roommate fucked her http://t.co/5HtKgpPdId,969964953636671489,,"Lagos, Nigeria",,2018-03-03 15:57:20,tobby_stark,386309007
165,RT @stoolpresidente: Put up or shut up @MichaelRapaport https://t.co/oUQBGFSoH9,969964951556247552,,,,2018-03-03 15:57:20,cam_crosman,1914670892
166,RT @Linda_Pizzuti: Fantastic portraits of @LFC Mohamed Salah (@22mosalah ) and Will Smith by Egyptian artist @ShrokYahya https://t.co/A62xoâ€¦,969964951220584448,,Seremban - KL - Seremban,,2018-03-03 15:57:20,cheryna27,28106647
167,Philip Gasaatura has experienced risk differently in Africa v. the US. What if I fail? v. What if I did win?â€¦ https://t.co/CoVg3BDtSp,969964950977474562,,Ghana,,2018-03-03 15:57:20,ozeguru,909597955606401024
168,Hang on....schadenfROYde https://t.co/uDSAwPAKpQ,969964948242812931,,"Boston, MA",,2018-03-03 15:57:19,BSharton,432056472
169,"RT @ValaAfshar: Why we read:

1 learn
2 escape
3 validate beliefs
4 know we are not alone
5 find new ideas
6 be inspired
7 learn to think
8â€¦",969964948209086464,,"Lethbridge, Alberta",,2018-03-03 15:57:19,ObedMaxim,916402960820613121
170,I am SMFH. https://t.co/UjztAzonS9,969964946556620800,,boston,,2018-03-03 15:57:18,okayurvi,390914208
171,RT @TammyMaul: @VandaQuiSutton The way they look into each others eyes i only wish someone looked at me that way,969964945378070530,,,,2018-03-03 15:57:18,VandaQuiSutton,321080087
172,"RT @RifatAtun: Life expectancy of poorest girls in England falls for first time on record since 1920s, figures show https://t.co/fBe0Y7eZ08â€¦",969964944610480135,,Wales,,2018-03-03 15:57:18,DrPhilBanfield,716036990
173,Iâ€™ll never bet Bundesliga again.,969964939166273536,,"Boston, MA",,2018-03-03 15:57:17,RealKingCapper,748658539250466817
174,"Love not waking up hungover on a Saturday morning ... Iâ€™m to the gym tho, gonna be a realllll dbag summer for me ğŸ˜ #yallbeenlate ğŸ˜´",969964938595831809,,"Boston, MA",,2018-03-03 15:57:17,iam_cjthedj,348633546
175,Hash Swan - ì•Œë ‰ì‚°ë”ì²˜ëŸ¼ ì™• (Wang Like Alexander) (Feat. GRAY) MV https://t.co/tCOnF2oDoq ã…‹ã…‹ã…‹ã…‹ í•´ì‰¬ê°€ ì´ê²¼ë„¤ìš” ì €ìª½ì— ë®¤ì§€ ë¶™ì„ ë•Œ ì—¬ê¸´ ê·¸ë ˆì´ì¸ê±¸,969964938071601152,,"Cambridge, MA",,2018-03-03 15:57:16,udaqueness,325863257
176,RT @BobMenery: Snakes on a plane https://t.co/XFTBpyyfmx,969964936494571521,,Pet Palace,,2018-03-03 15:57:16,CloutLordJacob,725122078559600640
177,"RT @NEJM: Original Article: Adjunctive Glucocorticoid Therapy in Patients with Septic Shock https://t.co/Fm5HukWazx

Editorial: A Role forâ€¦",969964936402149376,,,,2018-03-03 15:57:16,black_kghp,739402723792060418
178,RT @BobMenery: Snakes on a plane https://t.co/XFTBpyyfmx,969964934892343297,,,,2018-03-03 15:57:16,laxgoaly1736,2156365036
179,"@DanaSchwartzzz @Wiscobeergeek The constitution grants a conditional right to ""bear arms"". They coulda meant slingsâ€¦ https://t.co/C2lDwjxqQx",969964934841987088,,"Boston, MA",,2018-03-03 15:57:16,ManDrinksBeer,349274991
180,"RT @DothTheDoth: Morning routing: wake up, make coffee, let another day of time and gravity slowly ruin your body.",969964934825238528,,,,2018-03-03 15:57:16,andysessa,925549988
181,"Jack Kerouac's ""Belief and Technique for Modern Prose"" is as much a blueprint for writing as it is a meditation onâ€¦ https://t.co/ongmNhQ1gO",969964932182638592,,"Boston, MA",,2018-03-03 15:57:15,go_literary,2683419439
182,In a few hours from now Iâ€™ll be drunk jigging all over the IBEW with the best ppl ever and I canâ€™t wait â˜˜ï¸ğŸ»â€¦ https://t.co/fA5KnEHT5C,969964931381645313,,Boston,,2018-03-03 15:57:15,jennyk421,412716720
183,"RT @Brightcove: Crazy about #video?  Donâ€™t miss the only conference created for the video obsessed, #PLAY2018 https://t.co/4ghcC3iogC httpsâ€¦",969964930777731072,,"new york, new york, new york",,2018-03-03 15:57:15,DigitalDudeD,294215013
184,2018 Stanley Cup Package Rates https://t.co/ncmFc0sh82,969964930647580672,,"Boston, MA",,2018-03-03 15:57:15,NHL_BigFan,895714080790528000
185,black cats best cats https://t.co/9VsuwKidh7,969964927686533122,,"Boston, MA",,2018-03-03 15:57:14,retrocombine,128747003
186,"RT @SicknessKungFu: ""èµ°ç‚ºç™¾ç·´ä¹‹ç¥–,ç™¾ç·´ä¸å¦‚ä¸€èµ°ã€‚

Walking is the forefather of one hundred exercises, but one hundred exercises aren't equal to one Walkâ€¦",969964927434846209,,"Temple of Kek, Tython ",,2018-03-03 15:57:14,MaekoDaekal,1654061821
187,RT @Le_GooLord: S/O @Millyz for handling that attention the right way for EVERYONE in MA. One Million. ğŸ https://t.co/6NiwLexa9S,969964925668950017,,"Boston, MA",,2018-03-03 15:57:14,Stackz_777,254538976
188,RT @Frank_Schaeffer: Here's what Zuckerberg actually accomplished: when a government or company knows the destination and sequence of all oâ€¦,969964924410777600,,,,2018-03-03 15:57:13,TheDotP,2957734127
189,"RT @ecccoautist: tfw no cozy little cabin in the berner oberland to watch the slow, inevitable unraveling of civilization from https://t.coâ€¦",969964920115675136,,,,2018-03-03 15:57:12,itsbilly14,962476197132230656
190,"What are your favorite online Personal Finance / FIRE communities? Aside from here of course ğŸ˜Š

Reddit:â€¦ https://t.co/tcFwIEPz1f",969964916630343683,,Boston,,2018-03-03 15:57:11,Saverdinks,853685289805647873
191,You in town? https://t.co/dFlRQwBvIX,969964913715236865,,Boston,,2018-03-03 15:57:11,HenrySantoro,18728367
192,RT @danteshepherd: As long as we're suggesting stupid ideas for school safety and apparently having to treat them as serious ideas that wilâ€¦,969964912150589440,,,,2018-03-03 15:57:10,ItsFlyToBeChey,20481925
193,"RT @ValaAfshar: Tech innovation news sources: 

@wef
@ZDNet
@techreview
@WIRED 
@WSJdigits
@ForbesTech
@futurism
@TechCrunch
@nytimesbits
@â€¦",969964909852315655,,Nyairofi,,2018-03-03 15:57:10,woksPeriPeri,148697933
194,@PompeyMemes Hope he remembers to pop his teeth in for 2nd half left them in Johnny Mooreâ€™s pint,969964909202198528,,Boston MA,,2018-03-03 15:57:10,ethelmurmanknee,2951469778
195,RT @MGHInstitute: Thanks to Yvette Modestin for presenting â€œAfrica en el Centro: Afro-Latinx Diasporas in the USâ€ this week. She is the fouâ€¦,969964908740739074,,"Austin, TX",,2018-03-03 15:57:09,AfroCatracho,1403467675
196,"RT @marcformarc: Exciting perks of adulthood: 

1. Busy! Busy all the time! What are you even doing? You don't know! 
2. Very tired. 
3. Soâ€¦",969964908141010945,,,,2018-03-03 15:57:09,BaileyBradley5,1607202175
197,RT @ecccoautist: https://t.co/mx7x1vajNk,969964906354061314,,,,2018-03-03 15:57:09,itsbilly14,962476197132230656
198,@dobrevftobrosey @OthxCpdxSoph My kids,969964904634560513,,Boston,,2018-03-03 15:57:08,typicallyargent,1000424378
199,"RT @MIT_CSAIL: Every online course in machine learning, ranked: https://t.co/4JNN9XBu0b credit @venturidb @freeCodeCamp #ml #MachineLearninâ€¦",969964904370196480,,,,2018-03-03 15:57:08,srimonami,105395233
200,RT @pronounced_ing: I am SO EXCITED to work with @RWitherspoon @kerrywashingtonâ€”I literally canâ€™t think of a better pair to bring Little Fiâ€¦,969964902898130944,,"Toledo, OH",,2018-03-03 15:57:08,BookishLeigh,840209846632927234
201,"RT @marcformarc: Exciting perks of adulthood: 

1. Busy! Busy all the time! What are you even doing? You don't know! 
2. Very tired. 
3. Soâ€¦",969964902663192578,,Tarragona,,2018-03-03 15:57:08,lonlilon,164668025
202,RT @Mayberrykush: @alexiis_skyy  https://t.co/CUFllKjOkP,969964902126256133,,New Plymouth/Manchester,,2018-03-03 15:57:08,ollie_xx,228472895
203,The tendo swinch came out a year ago today,969964901904125954,,"Somerville, MA",,2018-03-03 15:57:08,Rybark_,14922813
204,@flandreams *sci-fi powering down noise*,969964901170057216,,"Boston, MA",,2018-03-03 15:57:08,Arcana_Punk,2467210627
205,RT @irishrygirl: Happy Womenâ€™s Month! Watch what a million pissed of women can do to make not only a change but a mark on society https://tâ€¦,969964900020711426,,"Spokane, WA",,2018-03-03 15:57:07,spokanetom,249739297
206,@ninagarcia We do?,969964899114856449,,Boston Massachusetts,,2018-03-03 15:57:07,DonovanFootwear,720349144364093441
207,"""Move or you will be moved"" any of the DoraMilaje could take black widow why are y'all so dumb https://t.co/8lt7AIrW5T",969964893762932736,,boston,,2018-03-03 15:57:06,sunbeamqueen,2169636329
208,@GARFENE Thanks @GARFENE,969964892710195200,,"Kingston, Jamaica",,2018-03-03 15:57:06,GailAbrahams3,57565698
209,"RT @ValaAfshar: Be kind. You may be remembered. 
Be humble. You may be wrong.
Be hard working. You may be luckier.
Be generous. Others mayâ€¦",969964892416630785,,,,2018-03-03 15:57:06,ymakenzie,61164366
210,"Are you a seasoned esthetician, waxing specialist, wellness care giver, or other spa roomâ€¦ https://t.co/aPcbiXvE9j",969964890944430080,-71.05510556,"Boston, MA",42.36494722,2018-03-03 15:57:05,kellynbowarrow,4094375903
211,"I miss reading books I wanted to read. Now it's all ""Evaluating Research for Evidence-Based Nursing Practice"" and ""â€¦ https://t.co/vufgzhUMFl",969964890051014656,,"Boston, MA",,2018-03-03 15:57:05,caulkthewagon,14404725
212,Looks like part of the dune has been breached at Town Neck Beach in Sandwich. #WCVB #CapeCod https://t.co/pAY1yasG86,969964889899970560,,"Boston, MA",,2018-03-03 15:57:05,BienickWCVB,25388571
213,"RT @DothTheDoth: Morning routing: wake up, make coffee, let another day of time and gravity slowly ruin your body.",969964889438638080,,Boston,,2018-03-03 15:57:05,MarkyZo,260818344
214,Deben picarle las encÃ­as horrible. Pobre https://t.co/z972cnQ9HN,969964885886033920,,"Boston, MA",,2018-03-03 15:57:04,LeiaAMills,811623109761572865
215,King/Plymth Train 1052 (9:37 am inbound) has not yet departed Plymouth due to power outages and signal issues and iâ€¦ https://t.co/BRYd1kOgPP,969964885063987200,,Boston,,2018-03-03 15:57:04,MBTA_CR,2535372901
216,RT @foreignluu: I donâ€™t want any fake or inconsistent ppl in my life .,969964884812337152,,,,2018-03-03 15:57:04,yadig_j,934714749853499392
217,"@halsey Add fruit to your water! 
Iâ€™ve been using lemons, limes, watermelon, blueberries, raspberries, mint, basil,â€¦ https://t.co/YRnldUE72y",969964883956719616,,Boston,,2018-03-03 15:57:04,littleashtag,201530230
218,Togetic (M) (IV: 57% - CP: 1027) until 11:25:11AM at 131-151 Dudley St https://t.co/FP64D2X2Gd https://t.co/1wLHD9j9NC,969964883373645824,,"Boston, MA",,2018-03-03 15:57:03,BostonPogoMap,838051812544409601
219,RT @DoughertyJC: VIDEO: Incredible footage from Scituate taken by the Marshfield Coastal Coalition. They are right on the sea wall. #7Newsâ€¦,969964881473622016,,"Boston, MA",,2018-03-03 15:57:03,RyanPNaude,45684034
220,Qu'ran Brian Eno; David Byrne Brian Eno; David Byrne - Qu'ran,969964879636463617,,"Boston, MA",,2018-03-03 15:57:03,Groovasmique,810636042483224576
221,Epic night with the legend @bennybenassi âœŒğŸ½ #TheGrandBoston https://t.co/7MdnsOPXB4,969964879389122561,,"Boston, MA",,2018-03-03 15:57:02,GrandBoston,824291912962240513
222,"RT @TonyMassarotti: Not exactly apples to apples, but ... Sox-Yankees, Bruins-Canadiens, Celtics-Rockets. Good day to be on the couch. Satuâ€¦",969964878311186432,,United States,,2018-03-03 15:57:02,CeltsBanner18,1593472795
223,RT @Eduporium: Smart Glasses Find New Use in Special #Education #Technology https://t.co/jwhokYeaZ8 via @edtechtimes #SPED #edtech #edtechcâ€¦,969964875668770816,,All views my own,,2018-03-03 15:57:02,MarkFeltham666,1192960148
224,"RT @DothTheDoth: Morning routing: wake up, make coffee, let another day of time and gravity slowly ruin your body.",969964873617731585,,La Isla del Desencanto,,2018-03-03 15:57:01,gothjellyfish,934255065602449409
225,"RT @marcformarc: Exciting perks of adulthood: 

1. Busy! Busy all the time! What are you even doing? You don't know! 
2. Very tired. 
3. Soâ€¦",969964873189920768,,,,2018-03-03 15:57:01,decodeSARAH,75861346
226,"RT @BobMenery: Due to high demand, the network let Peter make the call last night. Thoughts? https://t.co/2pZI2EQCWh",969964870379757568,,D(M)V,,2018-03-03 15:57:00,Jordan_craig21,3227231385
227,@DollySkyy_ Thank you baby. Youâ€™re the best ğŸ’¯â¤ï¸ğŸ˜˜ I love you more ğŸ€,969964868878118912,,"Boston, MA",,2018-03-03 15:57:00,iamtatumx,955705041846984705
228,RT @mizurato: ã‚¬ãƒ³ãƒ€ãƒ WãŒä»ŠæœŸè¦‡æ¨©ã‚¢ãƒ‹ãƒ¡ã«æ±ºã¾ã£ãŸã®ã§ https://t.co/VU9uQTrPsO,969964868848599041,,æ–°æ—¥æœ¬é€£é‚¦å…±å’Œå›½,,2018-03-03 15:57:00,c09258774,968279749406613504
229,Soy un https://t.co/hOaP2DKuHD,969964868810964992,,"Boston, MA",,2018-03-03 15:57:00,E_gali55,412429870
230,Just one week away! Come hear traditional Irish songs at the South Boston Branch Library in celebration of Saint Paâ€¦ https://t.co/E99dlH3GrV,969964868605329410,,"Boston, MA",,2018-03-03 15:57:00,bplsouthboston,937831828387397637
231,@BTS_twt BeautifulğŸ˜ğŸ˜ğŸ˜,969964868496478208,,"Mattapan, Boston",,2018-03-03 15:57:00,nana_prudent,718242463710900224
232,"RT @mitsmr: ""Work will still exist in a digital future, but it will be different â€” and shifts will be unpredictable. This demands that peopâ€¦",969964868404092928,,Southern California,,2018-03-03 15:57:00,DCulberhouse,269897738
233,"Great Moments in Fraternal Loveâ€”Hesiod to his brother: â€œI mean you well, Perseus, you great idiot.â€",969964866894254080,,Boston,,2018-03-03 15:57:00,conchapman,52092238
234,RT @MikePanoots: my first movie can i please have constructive criticism https://t.co/BtaH2TwCwu,969964865334009857,,East Vegetation 6,,2018-03-03 15:56:59,Chalcedoo,3682168879
235,"RT @JPTrachtman: @DavidKleimann @VidigalGeraldo @snlester @janycemcgregor No doubt, but then retaliation must wait until adjudication ends.",969964861747810304,,Europa,,2018-03-03 15:56:58,DavidKleimann,1861014648
236,RT @DothTheDoth: Weekend plans https://t.co/29Mr086EXy,969964861739462657,,somewhere on spaceship earth ,,2018-03-03 15:56:58,wesleytexas,2427457652
237,"RT @MassDOT: #MAtraffic Alert: Boston , I-93 NB at Exit 14 Morrissey Blvd: Ramp closed for approx 2 hours due to expected flooding on Morriâ€¦",969964861449961472,,Waltham Massachusetts,,2018-03-03 15:56:58,matredsoxfan2,272087048
238,"""Quran"" â™« https://t.co/1yFv1YUI18",969964858656641024,,"Boston, MA",,2018-03-03 15:56:58,Groovasmique,810636042483224576
239,RT @GETM0NEII: I feel u on dat lol https://t.co/ntfRMfEgym,969964857251500033,,"Massachusetts, USA",,2018-03-03 15:56:57,mysmary_,3341740774
240,"@ArbellaIns Iâ€™ve been on hold for a half hour, do you anyone answering calls??!!",969964856593059841,,"Boston, MA",,2018-03-03 15:56:57,StephanieLWells,68036341
241,@ayavatar_ Weirdos,969964855989100545,,BOS,,2018-03-03 15:56:57,slaybrina,419794698
242,@LEGUESSWHO @BigEarsFestival @BasilicaHudson @benthegoof @suunsband @SteveGunnMusic @Grassiman @TynesideSoundsâ€¦ https://t.co/OAEIMkXScW,969964855972257797,,Boston,,2018-03-03 15:56:57,Iheartnoise,15273924
243,RT @celtics: Happy 20th Birthday @jaytatum0 ğŸ‚ğŸ‰â˜˜ https://t.co/blTMKiDtEQ,969964855972200449,,,,2018-03-03 15:56:57,coachpdaloia,541987642
244,"RT @DothTheDoth: Morning routing: wake up, make coffee, let another day of time and gravity slowly ruin your body.",969964854978236416,,,,2018-03-03 15:56:57,snifideezy,755831414483017728
245,"ğŸ‘±â€â™€ï¸
.
.
.
.
#nikon #portrait #portraits #igboston #igersboston #igersmass #followingbostonâ€¦ https://t.co/CndWqeVURC",969964849844359168,-71.04314446,Boston MA,42.35274035,2018-03-03 15:56:55,King_James006,353148732
246,"RT @BostonGlobe: Nearly 400,000 customers were without power across Massachusetts on Saturday, and continuing flooding and high winds are eâ€¦",969964849223659520,,"Cambridge, MA",,2018-03-03 15:56:55,mode_medianmean,898273544945238016
247,RT @killuawe: Happy 20th anniversary HxH!!!!! ğŸ‰ https://t.co/CSawrRmpPF,969964847059341312,,uhHh,,2018-03-03 15:56:55,kagehinacutie,836191858569199616
248,RT @irishrygirl: â€œIt is easier to live through someone else than to become complete yourself.â€ Betty Friedan #womeninhistory #activist #Femâ€¦,969964846656696320,,"Gulf Coast,  Mississippi",,2018-03-03 15:56:55,Diana05639890,928270905754742785
249,"Youâ€™re the most perfect, beauty, handsome man in the world.

#BTSARMY #BestFanArmy #iHeartAwards @BTS_twt https://t.co/ThDOqQP8on",969964846656602112,,"Boston, MA",,2018-03-03 15:56:55,alisa_0923,884411957989711872
250,"Page Release of Time, Timing, and Timeliness as Taught by Turtle. Page 1 and 2 https://t.co/yAX0iuKtB5",969964846652456960,,"Boston, MA",,2018-03-03 15:56:55,wdogproductions,43053689
251,"https://t.co/zJYpFwEZW2 - Shoes, clothing, accessories and more on sale! https://t.co/Gjsbttr5DI",969964845092126722,,"Boston, MA",,2018-03-03 15:56:54,CopGear1,872539550245060609
252,"LIVE WITH FORTNITE
https://t.co/YlP3cweTUq",969964844907671552,,"Boston, MA",,2018-03-03 15:56:54,maddiesuun42,760951591788748800
253,@The_Deep_State Ø¨Ù„Ø­Ù‡,969964843359920128,,"Boston, MA",,2018-03-03 15:56:54,ElNaser_83,254475064
254,pssst. We have a few of these today 3/3. Matcha Old Fashioned. @ Blackbird Doughnuts https://t.co/20tbyd1Yc0,969964843284488194,-71.0693661,"south end, boston",42.345497,2018-03-03 15:56:54,BBDoughnuts,2707387884
255,ğŸ‘€ peep whoâ€™s batting 8th again today. @Jared_Carrabis #Padres https://t.co/28bonhePYl,969964843028615169,,"Boston, MA",,2018-03-03 15:56:54,c_dubs87,827543011198398464
256,RT @MikeGrinnell_: Happy Saturday. Here's Eddie Vedder's isolated vocals to help your hangover. Incredible. https://t.co/CLtxef2ADd,969964842701541378,,,,2018-03-03 15:56:54,BrandonRozzi35,2161740210
257,RT @foreignluu: I want to be so financially secured .. that i forget its PAY DAY.,969964841950695424,,Stop being nosey,,2018-03-03 15:56:54,Euroceeee_,3023163063
258,"RT @Deni_Hoxha: Tironaaa ke endrrat tona, Jeton oret e vona.... E dehur, sido te jesh, ti je e jonaaa",969964841757827072,,"Florida, USA",,2018-03-03 15:56:54,albinatarko,1452762650
259,"RT @OnlyInBOS: If you need to call 9-1-1 &amp; you are unable to speak for any reason, communicate in the following ways... https://t.co/VmcdSDâ€¦",969964841338331136,,boston / somewhere with dogsğŸ’›,,2018-03-03 15:56:53,kushbbykush,791556016601231360
260,RT @DorchesterBrew: Tours run from 12-2pm and Union Square Donuts will be here from 12-6pm. So....doors open at 11:30am. What's your excuseâ€¦,969964840256200704,,Massachusetts,,2018-03-03 15:56:53,MassBrewBros,2757590859
261,Just in bed naked still healing!,969964839085989888,,Bos~NYC~LA~PR~MIA~Dallas~Chi,,2018-03-03 15:56:53,tskourtney,114421256
262,RT @celtics: Happy 20th Birthday @jaytatum0 ğŸ‚ğŸ‰â˜˜ https://t.co/blTMKiDtEQ,969964838599368704,,Mesa,,2018-03-03 15:56:53,trueheywood7,2745014805
263,RT @celtics: Happy 20th Birthday @jaytatum0 ğŸ‚ğŸ‰â˜˜ https://t.co/blTMKiDtEQ,969964838373003264,,,,2018-03-03 15:56:53,NinaBruno17,632476146
264,Hahahahaha! https://t.co/RDLNmdAKvA,969964838163288064,,"Boston, MA",,2018-03-03 15:56:53,alcina01,185035718
265,$VIX A stretch of 7 years when the vix rarely fell below 17: https://t.co/n7VkGUCVP3,969964836489752578,,"Boston, MA",,2018-03-03 15:56:52,VolatilityWiz,923554537
266,"RT @DothTheDoth: Morning routing: wake up, make coffee, let another day of time and gravity slowly ruin your body.",969964835759902721,,On my knees. Purring,,2018-03-03 15:56:52,ChemicalPoetess,807460292888330240
267,"RT @jcmccaffrey: For clarity's sake, here's a transcript of what Cora said about the outfield and where JD Martinez might play. https://t.câ€¦",969964835072106496,,,,2018-03-03 15:56:52,cody_bondeson,766695650541133828
268,RT @celtics: Happy 20th Birthday @jaytatum0 ğŸ‚ğŸ‰â˜˜ https://t.co/blTMKiDtEQ,969964833918644225,,United States,,2018-03-03 15:56:52,ISOAnt_,946052497365458944
269,"@ClintSmithIII What about Vermont tho, Clint",969964833515950081,,"Boston, MA",,2018-03-03 15:56:52,slimb0,50018932
270,"RT @BTS_ArmyUS: Friend: tbh suga is kinda ugly
Me: bitch he has thousands of girls screaming his name. How many screams yours?
Friend : ah-â€¦",969964831720857601,,,,2018-03-03 15:56:51,RosaTun2,816538218619408388
271,@JackBaileyUSA Hahahahahahaha.....hahahahahahaha,969964829233614850,,"Malden, Ma",,2018-03-03 15:56:51,warhodes,15099846
272,RT @stoolpresidente: Put up or shut up @MichaelRapaport https://t.co/oUQBGFSoH9,969964824879878144,,WESTERN NEW YORK,,2018-03-03 15:56:49,JMJB1017,151263874
273,RT @BobMenery: Snakes on a plane https://t.co/XFTBpyyfmx,969964823093051393,,"Houston, TX",,2018-03-03 15:56:49,Samschulman22,1936447002
274,"RT @ValaAfshar: When you win, be kind.
When you are ignored, be kind.
When you are stuck, be kind.
When you are upset, be kind.
When disappâ€¦",969964821889372160,,,,2018-03-03 15:56:49,Janelle_AD,434507878
275,"Idiot, that profile pic belongs to Bhagat Singh. A communist. Another Jaahil. https://t.co/5izP8QpF1Y",969964819267964931,,"Boston, MA",,2018-03-03 15:56:48,lucifer_damned,113274004
276,"RT @myindianhope: à¤¦à¥à¤¨à¤¿à¤¯à¤¾ à¤•à¥‡ à¤•à¤¿à¤¸à¥€ à¤²à¥‹à¤•à¤¤à¤‚à¤¤à¥à¤° à¤®à¥‡à¤‚ à¤¯à¤¹ à¤¨à¤¹à¥€ à¤¹à¥à¤† à¤¹à¥‹à¤—à¤¾ à¤•à¤¿ à¤—à¥ˆà¤¸ à¤•à¤¾ à¤¦à¤¾à¤® à¤¦à¥à¤—à¤¨à¤¾ à¤¹à¥‹ à¤—à¤¯à¤¾, à¤ªà¥‡à¤Ÿà¥à¤°à¥‹à¤²-à¤¡à¥€à¤œà¤² à¤•à¥‡ à¤¦à¤¾à¤® à¤°à¥‹à¤œ à¤¬à¤¢à¤¼à¥‡, à¤¬à¥‡à¤°à¥‹à¤œà¤—à¤¾à¤° à¤¬à¤¢à¤¼ à¤°à¤¹à¥‡ à¤¹à¥‹â€¦",969964818869444614,,,,2018-03-03 15:56:48,ArpanMpt,495618583
277,"RT @marcformarc: Exciting perks of adulthood: 

1. Busy! Busy all the time! What are you even doing? You don't know! 
2. Very tired. 
3. Soâ€¦",969964818055811072,,"Pittsburgh, PA",,2018-03-03 15:56:48,J_Snowden13,229251889
278,"RT @ValaAfshar: Be kind. You may be remembered. 
Be humble. You may be wrong.
Be hard working. You may be luckier.
Be generous. Others mayâ€¦",969964815539163136,,"Nairobi, Kenya",,2018-03-03 15:56:47,MwalehChris,915551719836315648
279,"We need this conversation so badly that @prisonculture is bringing up, and people are so awkward about it. #BeyondtheBars2018",969964814423461888,,"Boston, MA",,2018-03-03 15:56:47,CoreyRachel,446336173
280,"RT @erinwinick: Everyday I make a stat graphic for my future of work newsletter, Clocking In, and I just wanted to share some of my favoritâ€¦",969964813613846528,,Singapore,,2018-03-03 15:56:47,nicolacrepaldi,133128182
281,RT @BiologistDan: There are 7500 Sumatran Orangutan left. A 90% drop over the last 50 years. Deforestation for coffee and palm oil plantatiâ€¦,969964812863262721,,Deutschland,,2018-03-03 15:56:47,twentyonebees,81827485
282,"RT @awakenedream: New artwork for sale! - ""Alien Microbes"" - https://t.co/V9phKj27LJ @fineartamerica https://t.co/oAt7qoTawK",969964809642004480,,,,2018-03-03 15:56:46,peac4love,3357277319
283,"RT @illtweetskid: School Shooting shelters in schools, what a dumb idea. All a shooter needs is a distraction to make everyone go in the shâ€¦",969964809193013248,,Lawndale Ca,,2018-03-03 15:56:46,Loristalcup1,827678818282332162
284,RT @theavnerd: This house in Salem NH blew right off its foundation. @universalhub https://t.co/2z6Z6w5dWa,969964807301591041,,,,2018-03-03 15:56:45,hah186,265661585
285,"RT @Og_Catpee: AYO ğŸ˜‚, this is so outta pocket ğŸ˜‚ https://t.co/vc9DBfU1pF",969964805883867136,,,,2018-03-03 15:56:45,Getyoda,331124574
286,"You are like a deep-sea diver today, protected by your pressur... More for Pisces https://t.co/OLPkkzQiRn",969964805749587969,,"Boston, MA",,2018-03-03 15:56:45,f_IRGI_licious,575811637
287,"@MaleficentFire Eso porque mamÃ¡ y tÃº me sobrealimentaban 
-replica alzando una ceja soltando a la vez una risita-â€¦ https://t.co/s4rCx2NDMv",969964805107912711,,"Boston, MA",,2018-03-03 15:56:45,LeiaAMills,811623109761572865
288,RT @_Lattice: ã¤ã„ã«ãƒ¢ãƒ‹ã‚«ã•ã‚“å¤¢ã«ã¾ã§å‡ºã¦ããŸã‚,969964802905812994,,(ä¹‚'Ï‰')ãã‚…ã£ (ä¹‚'Ï‰')ãã‚…ã£ (ä¹‚'Ï‰')ãã‚…ã£ ,,2018-03-03 15:56:44,umyomiyo,3239890458
289,"RT @marcformarc: Exciting perks of adulthood: 

1. Busy! Busy all the time! What are you even doing? You don't know! 
2. Very tired. 
3. Soâ€¦",969964800959832065,,"Seguin, TX",,2018-03-03 15:56:44,spahncolton,743535147497095168
290,"RT @DothTheDoth: Morning routing: wake up, make coffee, let another day of time and gravity slowly ruin your body.",969964797604323329,,Aayla/20/Christian/Asexual,,2018-03-03 15:56:43,MorbidGiggling,3339598066
291,RT @debnamgrimes: SO TWD REALLY TOOK GLENN FROM US THEN TURNED AROUND AND TOOK CARL A SEASON LATER AND PEOPLE ARE STILL SUPPORTING THIS SHOâ€¦,969964797226881024,,wakanda,,2018-03-03 15:56:43,rcgerstark,568101945
292,"RT @revolution_cuba: Castro, 86, has promised to retire from the presidency of the Council of State and the Council of Ministers (the cabinâ€¦",969964796169699328,,,,2018-03-03 15:56:43,Aradvail,805781647211765760
293,RT @iRelateWords: I cut you off cause I had to,969964793661542401,,"Batam,Jambi,Bogor",,2018-03-03 15:56:42,ayuurahayut,410690820
294,"Mookie Bets of the day 3/3:
NHL:
Capitals -115
Blues +145
NBA:
Thunder +4
Pistons +6
NCAAB:
Kentucky +6
Clemson +1â€¦ https://t.co/jjsUFMHq4R",969964792667664384,,"Boston, MA",,2018-03-03 15:56:42,BostonInsider,965860452348637184
295,RT @pronounced_ing: â€œâ€˜It was because Adolf Hitler and his party faced so much criticism and resistance among the press that I became particâ€¦,969964790117384193,,Wichita ,,2018-03-03 15:56:41,christophgreen,33681167
296,"@EddieGoldx zaaaamn, iâ€™m over here like https://t.co/AxroPZ93DX",969964789060562944,,Boston ,,2018-03-03 15:56:41,stephcakes,17959809
297,"RT @pronounced_ing: Hey, so, um, I have some news! https://t.co/AMF3riP5OV",969964781598736384,,404,,2018-03-03 15:56:39,chutinona,340145307
298,@mohrbrt Also love that Wes Anderson is contributing to the dangerous other trope in this movie! Love that weâ€™re juâ€¦ https://t.co/RLrrXvZx7g,969964781225459713,,Emerson College,,2018-03-03 15:56:39,EmilyWalborn,556472450
299,"RT @marcformarc: Exciting perks of adulthood: 

1. Busy! Busy all the time! What are you even doing? You don't know! 
2. Very tired. 
3. Soâ€¦",969964778755158018,,"Mumbai, India",,2018-03-03 15:56:38,bytesofnews,1601680208
300,@FLWRSONTHEFL00R over $500 ğŸ’€ğŸ’€ğŸ’€,969964778302164993,,boston,,2018-03-03 15:56:38,darkvinyIs,1353159902
301,"RT @ValaAfshar: Be kind. You may be remembered. 
Be humble. You may be wrong.
Be hard working. You may be luckier.
Be generous. Others mayâ€¦",969964776905478145,,"Lekki, Nigeria",,2018-03-03 15:56:38,ImmanuelDahunsi,428921733
302,RT @BiologistDan: There are 7500 Sumatran Orangutan left. A 90% drop over the last 50 years. Deforestation for coffee and palm oil plantatiâ€¦,969964776448147456,,Rocky Mountain Way ,,2018-03-03 15:56:38,brickinthewall3,2908194783
303,RT @debnamgrimes: SO TWD REALLY TOOK GLENN FROM US THEN TURNED AROUND AND TOOK CARL A SEASON LATER AND PEOPLE ARE STILL SUPPORTING THIS SHOâ€¦,969964776175685634,,,,2018-03-03 15:56:38,GabriellleKay,1521069564
304,@joseph_foran Nope. ğŸ˜¥,969964775684956160,,"Boston, MA",,2018-03-03 15:56:38,ms_chaotica,22520839
305,#masterstrack - steady session turning over the legs at Harvard - 4 x 200m 2x 400 average 36 on 2s and 74s on 400sâ€¦ https://t.co/TpZfDnwk5k,969964775181516801,,"Boston, MA",,2018-03-03 15:56:38,IanDSmith,17540126
306,"RT @LMT978: Most are better to focus on doing less, dialing in on one method or time frame and mastering that before trying to do everythinâ€¦",969964774858489856,,"Toronto, Ontario, Canada",,2018-03-03 15:56:38,eclue1,119749111
307,RT @BobMenery: Fergie crushed it last night. https://t.co/QH2puT2Zf3,969964773063450629,,D(M)V,,2018-03-03 15:56:37,Jordan_craig21,3227231385
308,RT @lesz__: ğŸ˜‚ğŸ˜‚ğŸ˜‚ğŸ˜‚ğŸ˜‚ğŸ˜‚ğŸ˜­ you a fool https://t.co/jLJ1tRKtk7,969964768713945089,,"Boston, MA",,2018-03-03 15:56:36,HervGOTTI,239220304
309,The TFSI in Duxbury is frustratingly high! #gohome! https://t.co/CFTDTGmuy0,969964768013537284,,"Boston, MA",,2018-03-03 15:56:36,LMK1Leeroy,1927782007
310,"RT @DothTheDoth: Morning routing: wake up, make coffee, let another day of time and gravity slowly ruin your body.",969964766486810624,,,,2018-03-03 15:56:36,broodleoodle,739186435715158020
311,"RT @marcformarc: Exciting perks of adulthood: 

1. Busy! Busy all the time! What are you even doing? You don't know! 
2. Very tired. 
3. Soâ€¦",969964765970948097,,,,2018-03-03 15:56:35,TwoAs_,327621571
312,I liked a @YouTube video https://t.co/MoqlettLk1 NextTale AU Part 1ã€ Undertale Comic Dubã€‘,969964765782081536,,"Mattapan, Boston",,2018-03-03 15:56:35,Tevaughn360,3011798179
